open,high,low,close,volume,timestamp
71280.00000000,71288.23000000,71180.00000000,71186.00000000,79.69747000,1711929600000
71186.01000000,71255.93000000,71172.09000000,71220.01000000,26.45610000,1711929660000
71220.01000000,71220.01000000,71130.00000000,71155.92000000,50.57502000,1711929720000
71155.92000000,71223.08000000,71107.71000000,71223.07000000,57.85907000,1711929780000
71223.07000000,71249.57000000,71215.95000000,71233.42000000,18.37316000,1711929840000
71233.42000000,71236.50000000,71215.61000000,71224.58000000,12.80809000,1711929900000
71224.58000000,71224.58000000,71115.73000000,71141.99000000,37.40004000,1711929960000
71142.00000000,71178.00000000,71141.99000000,71154.67000000,13.25701000,1711930020000
71154.68000000,71154.68000000,71140.92000000,71140.93000000,8.75771000,1711930080000
71140.93000000,71194.00000000,71140.92000000,71193.99000000,15.85775000,1711930140000
71194.00000000,71194.00000000,71124.00000000,71126.58000000,18.32985000,1711930200000
71126.57000000,71149.99000000,71126.57000000,71149.99000000,11.07326000,1711930260000
71149.98000000,71149.99000000,71136.40000000,71136.40000000,5.54330000,1711930320000
71136.40000000,71154.45000000,71136.40000000,71154.44000000,9.65076000,1711930380000
71154.45000000,71154.45000000,71140.00000000,71140.01000000,12.00127000,1711930440000
71140.00000000,71170.00000000,71107.50000000,71130.48000000,22.81975000,1711930500000
71130.49000000,71136.00000000,71102.00000000,71131.94000000,29.86629000,1711930560000
71131.93000000,71157.20000000,71130.63000000,71140.82000000,9.16880000,1711930620000
71140.82000000,71174.00000000,71140.82000000,71174.00000000,8.25693000,1711930680000
71173.99000000,71184.30000000,71173.99000000,71184.29000000,7.54287000,1711930740000
71184.30000000,71184.30000000,71164.00000000,71184.27000000,23.82494000,1711930800000
71184.27000000,71184.28000000,71152.49000000,71152.50000000,11.72717000,1711930860000
71152.50000000,71174.58000000,71152.49000000,71174.58000000,27.81761000,1711930920000
71174.58000000,71183.91000000,71174.57000000,71181.21000000,14.45660000,1711930980000
71181.21000000,71181.22000000,71181.21000000,71181.21000000,1.99213000,1711931040000
71181.21000000,71181.22000000,71178.38000000,71178.38000000,6.46661000,1711931100000
71178.39000000,71178.39000000,71115.24000000,71121.51000000,24.01102000,1711931160000
71121.51000000,71121.52000000,71065.40000000,71068.67000000,36.80255000,1711931220000
71068.68000000,71079.32000000,71068.67000000,71078.00000000,16.01929000,1711931280000
71077.99000000,71078.00000000,71077.99000000,71078.00000000,7.04773000,1711931340000
71077.99000000,71084.00000000,71061.05000000,71084.00000000,10.20200000,1711931400000
71084.00000000,71117.82000000,71083.99000000,71117.82000000,19.64895000,1711931460000
71117.81000000,71117.82000000,71082.00000000,71093.99000000,8.92577000,1711931520000
71094.00000000,71094.00000000,71083.33000000,71088.31000000,10.94060000,1711931580000
71088.32000000,71088.32000000,71072.01000000,71079.11000000,8.45820000,1711931640000
71079.12000000,71079.12000000,71043.77000000,71043.77000000,12.70238000,1711931700000
71043.78000000,71043.78000000,70990.00000000,71008.40000000,37.60484000,1711931760000
71008.41000000,71013.89000000,70983.63000000,71013.89000000,14.51586000,1711931820000
71013.89000000,71024.51000000,71013.88000000,71024.51000000,7.38249000,1711931880000
71024.50000000,71037.01000000,71016.26000000,71016.27000000,7.58567000,1711931940000
71016.27000000,71016.27000000,70931.32000000,70972.00000000,33.95747000,1711932000000
70971.99000000,70972.00000000,70913.31000000,70913.31000000,21.07177000,1711932060000
70913.32000000,70913.32000000,70844.14000000,70900.00000000,29.97012000,1711932120000
70899.99000000,70927.98000000,70899.99000000,70927.98000000,20.29005000,1711932180000
70927.98000000,70930.60000000,70903.01000000,70919.74000000,18.13854000,1711932240000
70919.75000000,70923.60000000,70880.00000000,70923.60000000,18.19483000,1711932300000
70923.59000000,70998.95000000,70923.59000000,70968.40000000,68.33739000,1711932360000
70968.40000000,70996.17000000,70968.39000000,70992.51000000,7.24596000,1711932420000
70992.52000000,71061.20000000,70992.51000000,71061.20000000,13.86893000,1711932480000
71061.20000000,71065.99000000,71046.00000000,71050.88000000,7.18041000,1711932540000
71050.89000000,71050.89000000,71014.00000000,71016.39000000,13.67502000,1711932600000
71016.40000000,71016.40000000,71000.05000000,71000.05000000,4.80477000,1711932660000
71000.06000000,71000.06000000,71000.01000000,71000.02000000,2.12965000,1711932720000
71000.01000000,71060.00000000,71000.01000000,71054.01000000,20.28485000,1711932780000
71054.00000000,71054.01000000,71046.00000000,71048.01000000,13.87636000,1711932840000
71048.01000000,71052.00000000,71026.00000000,71051.99000000,15.10241000,1711932900000
71051.99000000,71067.57000000,71051.99000000,71052.01000000,10.83227000,1711932960000
71052.01000000,71126.50000000,71052.00000000,71123.28000000,21.00532000,1711933020000
71123.29000000,71134.17000000,71123.28000000,71134.16000000,4.20084000,1711933080000
71134.17000000,71152.87000000,71134.16000000,71152.86000000,9.06582000,1711933140000
71152.86000000,71161.76000000,71121.50000000,71121.51000000,20.91476000,1711933200000
71121.51000000,71172.08000000,71121.50000000,71172.08000000,11.66588000,1711933260000
71172.08000000,71172.08000000,71115.75000000,71119.99000000,16.08293000,1711933320000
71120.00000000,71127.10000000,71119.99000000,71122.45000000,6.55705000,1711933380000
71122.45000000,71122.46000000,71113.99000000,71114.00000000,7.85080000,1711933440000
71114.00000000,71129.56000000,71113.99000000,71129.55000000,8.43178000,1711933500000
71129.55000000,71129.56000000,71116.08000000,71126.00000000,5.65407000,1711933560000
71126.00000000,71126.00000000,71060.00000000,71060.00000000,11.09759000,1711933620000
71060.01000000,71074.35000000,71050.00000000,71050.01000000,10.88909000,1711933680000
71050.00000000,71080.00000000,71049.93000000,71079.99000000,7.50705000,1711933740000
71079.99000000,71080.00000000,71059.93000000,71059.94000000,6.59962000,1711933800000
71059.94000000,71059.94000000,71045.18000000,71052.28000000,8.61415000,1711933860000
71052.27000000,71055.32000000,71010.00000000,71010.00000000,11.68523000,1711933920000
71010.00000000,71017.10000000,71010.00000000,71017.09000000,4.23006000,1711933980000
71017.09000000,71057.45000000,71017.09000000,71057.44000000,10.49358000,1711934040000
71057.45000000,71075.60000000,71053.10000000,71053.11000000,8.19044000,1711934100000
71053.10000000,71053.11000000,71000.01000000,71000.02000000,21.93174000,1711934160000
71000.01000000,71020.32000000,71000.01000000,71018.01000000,27.04823000,1711934220000
71018.01000000,71018.01000000,70980.12000000,70980.13000000,23.49642000,1711934280000
70980.13000000,70991.50000000,70962.00000000,70962.00000000,14.51535000,1711934340000
70962.00000000,70962.01000000,70960.00000000,70960.00000000,7.40602000,1711934400000
70960.01000000,70967.10000000,70952.90000000,70952.90000000,9.58238000,1711934460000
70952.90000000,70974.19000000,70952.90000000,70974.19000000,12.74249000,1711934520000
70974.19000000,71006.00000000,70974.18000000,71006.00000000,13.46812000,1711934580000
71005.99000000,71087.90000000,71005.99000000,71042.59000000,24.64699000,1711934640000
71042.59000000,71047.09000000,71012.38000000,71016.65000000,19.16013000,1711934700000
71016.65000000,71036.00000000,70996.92000000,71015.74000000,14.66999000,1711934760000
71015.74000000,71028.41000000,70999.22000000,71012.01000000,12.05686000,1711934820000
71012.01000000,71025.09000000,70969.35000000,70969.36000000,16.18534000,1711934880000
70969.35000000,70969.36000000,70941.18000000,70948.26000000,8.82100000,1711934940000
70948.27000000,70970.00000000,70941.18000000,70969.99000000,9.09605000,1711935000000
70970.00000000,71027.60000000,70969.99000000,71027.59000000,15.46996000,1711935060000
71027.60000000,71040.00000000,71027.59000000,71040.00000000,12.52209000,1711935120000
71040.00000000,71076.41000000,71039.99000000,71064.33000000,9.66131000,1711935180000
71064.34000000,71082.00000000,71060.06000000,71081.99000000,15.20579000,1711935240000
71082.00000000,71082.00000000,71027.10000000,71027.10000000,27.20189000,1711935300000
71027.11000000,71027.11000000,70985.28000000,70985.29000000,10.34877000,1711935360000
70985.29000000,71050.00000000,70985.28000000,71049.99000000,17.08156000,1711935420000
71050.00000000,71050.00000000,70930.00000000,70930.00000000,12.84902000,1711935480000
70930.01000000,70930.01000000,70829.45000000,70837.84000000,24.62862000,1711935540000
70837.83000000,70866.00000000,70837.83000000,70858.57000000,18.55295000,1711935600000
70858.57000000,70878.56000000,70832.00000000,70832.01000000,26.45814000,1711935660000
70832.01000000,70851.28000000,70832.00000000,70851.28000000,13.19415000,1711935720000
70851.27000000,70851.28000000,70818.75000000,70823.97000000,19.62650000,1711935780000
70823.97000000,70851.28000000,70823.96000000,70844.20000000,8.22457000,1711935840000
70844.19000000,70882.26000000,70844.19000000,70882.25000000,12.73013000,1711935900000
70882.25000000,70882.26000000,70810.30000000,70810.30000000,16.56088000,1711935960000
70810.30000000,70841.47000000,70810.30000000,70841.46000000,29.36428000,1711936020000
70841.46000000,70908.00000000,70841.46000000,70894.51000000,17.19502000,1711936080000
70894.51000000,70905.29000000,70880.00000000,70880.00000000,17.77558000,1711936140000
70880.00000000,70905.28000000,70872.42000000,70883.41000000,10.80126000,1711936200000
70883.41000000,70883.41000000,70815.00000000,70819.98000000,17.04904000,1711936260000
70819.99000000,70833.99000000,70809.31000000,70833.98000000,23.84463000,1711936320000
70833.98000000,70840.00000000,70818.01000000,70820.01000000,17.20872000,1711936380000
70820.01000000,70825.30000000,70807.60000000,70825.30000000,15.83044000,1711936440000
70825.30000000,70827.45000000,70818.21000000,70827.44000000,13.62916000,1711936500000
70827.45000000,70866.00000000,70819.02000000,70825.00000000,16.84275000,1711936560000
70824.99000000,70825.00000000,70820.00000000,70820.05000000,7.94267000,1711936620000
70820.04000000,70820.05000000,70820.04000000,70820.04000000,5.97296000,1711936680000
70820.04000000,70824.00000000,70794.12000000,70819.25000000,37.32342000,1711936740000
70819.26000000,70834.19000000,70794.13000000,70834.19000000,20.92034000,1711936800000
70834.18000000,70864.00000000,70834.18000000,70859.52000000,9.44398000,1711936860000
70859.53000000,70880.00000000,70859.52000000,70860.01000000,9.44339000,1711936920000
70860.00000000,70860.01000000,70836.00000000,70843.07000000,13.09906000,1711936980000
70843.07000000,70843.08000000,70815.84000000,70815.85000000,12.35784000,1711937040000
70815.86000000,70815.86000000,70801.01000000,70815.86000000,21.19495000,1711937100000
70815.85000000,70817.55000000,70800.00000000,70800.01000000,14.48155000,1711937160000
70800.00000000,70847.27000000,70786.00000000,70847.26000000,25.12732000,1711937220000
70847.26000000,70847.27000000,70813.20000000,70813.20000000,6.75804000,1711937280000
70813.21000000,70828.80000000,70813.20000000,70828.79000000,8.71226000,1711937340000
70828.79000000,70847.27000000,70828.79000000,70840.00000000,6.07615000,1711937400000
70840.00000000,70840.01000000,70823.93000000,70823.93000000,6.50449000,1711937460000
70823.93000000,70823.94000000,70823.93000000,70823.94000000,8.22201000,1711937520000
70823.93000000,70823.94000000,70823.93000000,70823.94000000,4.83481000,1711937580000
70823.94000000,70823.94000000,70823.93000000,70823.93000000,2.25038000,1711937640000
70823.94000000,70838.00000000,70823.93000000,70837.99000000,6.86239000,1711937700000
70838.00000000,70838.00000000,70801.04000000,70824.70000000,16.08481000,1711937760000
70824.70000000,70828.95000000,70810.63000000,70828.95000000,12.39105000,1711937820000
70828.95000000,70831.77000000,70828.87000000,70828.87000000,5.16429000,1711937880000
70828.87000000,70828.88000000,70828.87000000,70828.87000000,3.47276000,1711937940000
70828.88000000,70847.30000000,70828.87000000,70847.29000000,8.54114000,1711938000000
70847.29000000,70885.20000000,70847.29000000,70880.00000000,29.63421000,1711938060000
70880.00000000,70894.12000000,70848.26000000,70848.26000000,29.57239000,1711938120000
70848.27000000,70854.54000000,70848.26000000,70848.32000000,11.12328000,1711938180000
70848.31000000,70860.00000000,70840.01000000,70840.41000000,29.18804000,1711938240000
70840.40000000,70848.93000000,70840.40000000,70848.93000000,11.06075000,1711938300000
70848.93000000,70848.93000000,70835.68000000,70835.69000000,9.97219000,1711938360000
70835.68000000,70835.69000000,70835.65000000,70835.65000000,3.81593000,1711938420000
70835.65000000,70835.66000000,70821.45000000,70821.46000000,5.81147000,1711938480000
70821.46000000,70831.89000000,70821.46000000,70831.88000000,3.67281000,1711938540000
70831.89000000,70831.89000000,70822.27000000,70831.89000000,2.66944000,1711938600000
70831.89000000,70842.76000000,70815.00000000,70822.00000000,23.53023000,1711938660000
70822.00000000,70822.00000000,70814.61000000,70817.22000000,8.41581000,1711938720000
70817.22000000,70817.22000000,70800.00000000,70800.00000000,7.64832000,1711938780000
70800.00000000,70800.01000000,70766.03000000,70766.08000000,18.03908000,1711938840000
70766.09000000,70783.08000000,70766.08000000,70769.99000000,13.37906000,1711938900000
70770.00000000,70779.67000000,70769.99000000,70779.63000000,10.56311000,1711938960000
70779.64000000,70779.66000000,70770.00000000,70779.65000000,7.90024000,1711939020000
70779.66000000,70781.88000000,70759.39000000,70781.88000000,22.34036000,1711939080000
70781.88000000,70827.60000000,70781.87000000,70827.59000000,10.41783000,1711939140000
70827.60000000,70848.40000000,70823.50000000,70826.01000000,16.85144000,1711939200000
70826.00000000,70826.01000000,70804.78000000,70806.01000000,9.62210000,1711939260000
70806.01000000,70820.59000000,70806.00000000,70820.58000000,5.16543000,1711939320000
70820.58000000,70827.66000000,70820.58000000,70827.65000000,3.26878000,1711939380000
70827.66000000,70849.99000000,70827.65000000,70849.98000000,4.01028000,1711939440000
70849.98000000,70863.58000000,70849.98000000,70854.42000000,18.42376000,1711939500000
70854.43000000,70880.00000000,70854.42000000,70879.99000000,7.36673000,1711939560000
70879.99000000,70902.80000000,70879.99000000,70882.02000000,8.57098000,1711939620000
70882.01000000,70901.26000000,70882.01000000,70883.77000000,9.90391000,1711939680000
70883.77000000,70883.78000000,70872.86000000,70872.87000000,3.86182000,1711939740000
70872.87000000,70886.73000000,70872.86000000,70880.42000000,14.95623000,1711939800000
70880.42000000,70880.42000000,70870.83000000,70870.84000000,7.10791000,1711939860000
70870.83000000,70870.84000000,70865.46000000,70865.46000000,1.66522000,1711939920000
70865.46000000,70865.47000000,70865.46000000,70865.47000000,1.58643000,1711939980000
70865.46000000,70880.42000000,70865.46000000,70880.41000000,6.44103000,1711940040000
70880.41000000,70880.42000000,70864.38000000,70864.38000000,4.82801000,1711940100000
70864.39000000,70864.39000000,70855.80000000,70855.80000000,5.32096000,1711940160000
70855.81000000,70855.81000000,70855.73000000,70855.80000000,7.22731000,1711940220000
70855.80000000,70855.81000000,70855.80000000,70855.80000000,4.67915000,1711940280000
70855.80000000,70879.44000000,70855.80000000,70866.98000000,6.92830000,1711940340000
70866.99000000,70866.99000000,70850.19000000,70857.28000000,5.90330000,1711940400000
70857.27000000,70864.00000000,70857.27000000,70863.99000000,7.35190000,1711940460000
70864.00000000,70880.00000000,70863.99000000,70872.84000000,7.04315000,1711940520000
70872.84000000,70872.84000000,70850.00000000,70850.01000000,6.48990000,1711940580000
70850.01000000,70850.01000000,70850.00000000,70850.00000000,1.66780000,1711940640000
70850.01000000,70850.01000000,70830.00000000,70830.01000000,8.39953000,1711940700000
70830.00000000,70830.01000000,70820.00000000,70820.00000000,5.05785000,1711940760000
70820.01000000,70820.01000000,70807.00000000,70807.00000000,6.60576000,1711940820000
70807.00000000,70807.01000000,70727.51000000,70727.51000000,15.86731000,1711940880000
70727.52000000,70746.00000000,70727.51000000,70746.00000000,9.83148000,1711940940000
70745.99000000,70746.00000000,70729.20000000,70729.21000000,3.59747000,1711941000000
70729.21000000,70729.21000000,70716.43000000,70716.43000000,5.72808000,1711941060000
70716.44000000,70718.56000000,70716.43000000,70717.02000000,13.27534000,1711941120000
70717.02000000,70717.03000000,70716.42000000,70716.43000000,1.62043000,1711941180000
70716.42000000,70716.43000000,70705.88000000,70705.89000000,5.50293000,1711941240000
70705.89000000,70705.90000000,70705.88000000,70705.89000000,8.29726000,1711941300000
70705.90000000,70723.49000000,70705.89000000,70707.97000000,19.05384000,1711941360000
70707.97000000,70747.81000000,70707.95000000,70747.81000000,8.62986000,1711941420000
70747.80000000,70785.73000000,70747.80000000,70785.72000000,25.59076000,1711941480000
70785.73000000,70785.73000000,70747.80000000,70764.89000000,27.81151000,1711941540000
70764.88000000,70778.47000000,70764.88000000,70775.29000000,3.74050000,1711941600000
70775.29000000,70785.73000000,70767.76000000,70767.76000000,11.27334000,1711941660000
70767.77000000,70767.77000000,70757.77000000,70760.77000000,5.53433000,1711941720000
70760.77000000,70760.78000000,70748.51000000,70753.13000000,7.52988000,1711941780000
70753.13000000,70776.20000000,70753.12000000,70776.19000000,6.21706000,1711941840000
70776.20000000,70776.20000000,70753.12000000,70755.42000000,19.95210000,1711941900000
70755.42000000,70755.43000000,70706.00000000,70706.01000000,10.69355000,1711941960000
70706.00000000,70706.01000000,70680.00000000,70683.99000000,19.41634000,1711942020000
70684.00000000,70684.00000000,70597.54000000,70612.08000000,39.85673000,1711942080000
70612.09000000,70616.00000000,70556.15000000,70606.14000000,55.07986000,1711942140000
70606.13000000,70607.41000000,70557.20000000,70580.07000000,14.96444000,1711942200000
70580.07000000,70638.21000000,70580.06000000,70638.21000000,10.17161000,1711942260000
70638.20000000,70638.21000000,70613.43000000,70620.48000000,14.16462000,1711942320000
70620.48000000,70629.31000000,70561.41000000,70593.99000000,22.70324000,1711942380000
70593.99000000,70601.05000000,70582.83000000,70601.00000000,9.45977000,1711942440000
70601.00000000,70601.00000000,70556.12000000,70559.99000000,19.12655000,1711942500000
70560.00000000,70572.00000000,70559.99000000,70571.99000000,14.49165000,1711942560000
70571.99000000,70587.96000000,70571.99000000,70578.09000000,14.48235000,1711942620000
70578.08000000,70578.09000000,70559.10000000,70559.10000000,18.08033000,1711942680000
70559.10000000,70559.11000000,70550.00000000,70550.01000000,6.97176000,1711942740000
70550.01000000,70566.00000000,70520.51000000,70527.56000000,18.72354000,1711942800000
70527.56000000,70548.00000000,70527.55000000,70547.99000000,8.97230000,1711942860000
70547.99000000,70586.38000000,70547.99000000,70586.38000000,14.57923000,1711942920000
70586.37000000,70586.38000000,70570.86000000,70570.86000000,10.36276000,1711942980000
70570.86000000,70576.29000000,70562.40000000,70562.41000000,8.24663000,1711943040000
70562.41000000,70630.58000000,70562.40000000,70630.57000000,23.25627000,1711943100000
70630.58000000,70666.55000000,70610.74000000,70633.52000000,20.25943000,1711943160000
70633.52000000,70665.97000000,70633.51000000,70665.96000000,8.26467000,1711943220000
70665.97000000,70666.00000000,70642.00000000,70658.03000000,15.15529000,1711943280000
70658.04000000,70658.04000000,70627.45000000,70627.45000000,16.92441000,1711943340000
70627.45000000,70627.46000000,70600.00000000,70622.56000000,9.13782000,1711943400000
70622.56000000,70650.00000000,70616.64000000,70616.64000000,8.69601000,1711943460000
70616.64000000,70616.65000000,70608.40000000,70608.41000000,6.65938000,1711943520000
70608.40000000,70608.41000000,70587.58000000,70608.40000000,10.47641000,1711943580000
70608.40000000,70622.52000000,70608.40000000,70622.51000000,6.19640000,1711943640000
70622.51000000,70622.52000000,70608.41000000,70608.41000000,5.53175000,1711943700000
70608.42000000,70616.29000000,70594.58000000,70616.28000000,6.44083000,1711943760000
70616.28000000,70634.28000000,70616.28000000,70616.29000000,9.04657000,1711943820000
70616.28000000,70616.29000000,70602.00000000,70602.01000000,3.38888000,1711943880000
70602.01000000,70602.01000000,70588.00000000,70588.01000000,5.72964000,1711943940000
70588.01000000,70598.00000000,70560.00000000,70597.99000000,25.10031000,1711944000000
70597.99000000,70598.00000000,70560.00000000,70560.00000000,7.53083000,1711944060000
70560.00000000,70580.60000000,70560.00000000,70580.59000000,9.02887000,1711944120000
70580.60000000,70634.87000000,70580.59000000,70624.01000000,30.66594000,1711944180000
70624.00000000,70624.01000000,70616.94000000,70616.95000000,3.70648000,1711944240000
70616.94000000,70629.31000000,70616.94000000,70629.31000000,5.00651000,1711944300000
70629.31000000,70629.31000000,70617.94000000,70617.95000000,8.66064000,1711944360000
70617.95000000,70638.92000000,70617.94000000,70638.92000000,17.29511000,1711944420000
70638.91000000,70648.83000000,70638.91000000,70641.76000000,12.78944000,1711944480000
70641.76000000,70641.78000000,70641.76000000,70641.78000000,5.97511000,1711944540000
70641.78000000,70641.78000000,70641.77000000,70641.78000000,4.06646000,1711944600000
70641.78000000,70641.78000000,70621.45000000,70627.72000000,7.91567000,1711944660000
70627.72000000,70634.77000000,70620.00000000,70634.77000000,15.76814000,1711944720000
70634.76000000,70634.77000000,70621.20000000,70621.21000000,3.94288000,1711944780000
70621.21000000,70621.21000000,70621.20000000,70621.20000000,2.25924000,1711944840000
70621.21000000,70647.29000000,70621.20000000,70621.20000000,15.02800000,1711944900000
70621.20000000,70621.21000000,70617.12000000,70617.12000000,2.25358000,1711944960000
70617.13000000,70617.13000000,70580.59000000,70580.60000000,8.55603000,1711945020000
70580.59000000,70580.60000000,70562.87000000,70562.88000000,15.68565000,1711945080000
70562.87000000,70562.88000000,70551.82000000,70551.82000000,7.45994000,1711945140000
70551.82000000,70573.09000000,70503.92000000,70572.22000000,71.54892000,1711945200000
70572.22000000,70572.22000000,70547.51000000,70547.51000000,6.29789000,1711945260000
70547.52000000,70590.00000000,70547.51000000,70589.99000000,13.49918000,1711945320000
70590.00000000,70590.00000000,70547.51000000,70547.52000000,17.69930000,1711945380000
70547.52000000,70547.52000000,70533.00000000,70533.00000000,4.49946000,1711945440000
70533.01000000,70533.01000000,70504.50000000,70530.52000000,17.97248000,1711945500000
70530.52000000,70530.53000000,70526.57000000,70526.58000000,3.83404000,1711945560000
70526.58000000,70579.28000000,70526.57000000,70564.73000000,29.32330000,1711945620000
70564.73000000,70615.91000000,70539.18000000,70606.00000000,21.40428000,1711945680000
70606.00000000,70606.01000000,70588.94000000,70601.54000000,11.27137000,1711945740000
70601.54000000,70601.76000000,70580.53000000,70580.54000000,12.82644000,1711945800000
70580.53000000,70580.54000000,70515.31000000,70542.00000000,40.84006000,1711945860000
70542.00000000,70542.00000000,70526.29000000,70526.88000000,5.94504000,1711945920000
70526.87000000,70528.41000000,70526.22000000,70526.22000000,2.97639000,1711945980000
70526.22000000,70540.00000000,70518.86000000,70539.99000000,11.39431000,1711946040000
70540.00000000,70564.74000000,70536.87000000,70536.87000000,17.83609000,1711946100000
70536.88000000,70536.88000000,70506.00000000,70506.01000000,5.64815000,1711946160000
70506.01000000,70535.54000000,70490.85000000,70534.13000000,28.78826000,1711946220000
70534.13000000,70534.14000000,70528.00000000,70528.01000000,2.46090000,1711946280000
70528.01000000,70533.16000000,70520.00000000,70533.15000000,7.23685000,1711946340000
70533.15000000,70533.16000000,70527.36000000,70527.37000000,4.24806000,1711946400000
70527.37000000,70530.45000000,70524.43000000,70524.43000000,5.50868000,1711946460000
70524.44000000,70524.44000000,70514.99000000,70514.99000000,2.94854000,1711946520000
70515.00000000,70515.00000000,70490.58000000,70490.58000000,7.01639000,1711946580000
70490.59000000,70507.60000000,70490.58000000,70492.01000000,15.51296000,1711946640000
70492.01000000,70501.99000000,70492.01000000,70501.97000000,6.40730000,1711946700000
70501.97000000,70531.48000000,70486.80000000,70486.80000000,10.15930000,1711946760000
70486.80000000,70493.86000000,70454.55000000,70454.55000000,15.18174000,1711946820000
70454.56000000,70461.60000000,70451.00000000,70461.60000000,5.88592000,1711946880000
70461.59000000,70500.00000000,70461.59000000,70494.71000000,29.00342000,1711946940000
70494.70000000,70502.27000000,70490.00000000,70490.01000000,9.02687000,1711947000000
70490.00000000,70490.01000000,70478.00000000,70487.20000000,7.34628000,1711947060000
70487.20000000,70487.21000000,70467.45000000,70478.11000000,6.69107000,1711947120000
70478.11000000,70505.89000000,70478.10000000,70505.89000000,9.32349000,1711947180000
70505.89000000,70505.89000000,70497.26000000,70497.26000000,7.39160000,1711947240000
70497.26000000,70497.27000000,70460.00000000,70460.01000000,10.61567000,1711947300000
70460.00000000,70460.01000000,70445.00000000,70445.00000000,7.36272000,1711947360000
70445.00000000,70445.01000000,70417.61000000,70431.82000000,30.40129000,1711947420000
70431.81000000,70447.35000000,70430.84000000,70430.85000000,12.19684000,1711947480000
70430.84000000,70430.85000000,70429.98000000,70429.99000000,5.40116000,1711947540000
70429.98000000,70448.00000000,70410.03000000,70442.00000000,25.33351000,1711947600000
70442.00000000,70450.00000000,70437.03000000,70450.00000000,13.80558000,1711947660000
70450.00000000,70450.00000000,70445.20000000,70446.17000000,12.11689000,1711947720000
70446.17000000,70488.40000000,70446.16000000,70467.93000000,26.53877000,1711947780000
70467.92000000,70468.07000000,70467.92000000,70468.06000000,4.48051000,1711947840000
70468.07000000,70468.07000000,70431.68000000,70431.69000000,15.38816000,1711947900000
70431.69000000,70431.69000000,70429.98000000,70429.99000000,4.10044000,1711947960000
70429.98000000,70429.99000000,70406.80000000,70419.96000000,24.53282000,1711948020000
70419.96000000,70419.96000000,70408.98000000,70408.99000000,10.40872000,1711948080000
70408.99000000,70421.23000000,70408.98000000,70421.22000000,10.59070000,1711948140000
70421.22000000,70492.53000000,70343.29000000,70492.53000000,85.02314000,1711948200000
70492.52000000,70515.60000000,70448.00000000,70448.01000000,15.04596000,1711948260000
70448.00000000,70483.60000000,70448.00000000,70448.41000000,16.54502000,1711948320000
70448.41000000,70479.25000000,70448.41000000,70479.24000000,11.32452000,1711948380000
70479.24000000,70479.25000000,70449.42000000,70449.42000000,12.81410000,1711948440000
70449.42000000,70455.43000000,70430.00000000,70437.03000000,12.79281000,1711948500000
70437.04000000,70437.04000000,70410.00000000,70425.11000000,18.10463000,1711948560000
70425.10000000,70455.02000000,70416.00000000,70455.01000000,24.74298000,1711948620000
70455.02000000,70486.51000000,70445.31000000,70449.59000000,18.49074000,1711948680000
70449.59000000,70466.00000000,70437.21000000,70437.22000000,19.61607000,1711948740000
70437.21000000,70440.00000000,70437.21000000,70440.00000000,5.92651000,1711948800000
70439.99000000,70450.00000000,70409.44000000,70409.44000000,23.35247000,1711948860000
70409.45000000,70438.00000000,70409.44000000,70438.00000000,11.19093000,1711948920000
70437.99000000,70442.00000000,70378.00000000,70378.00000000,16.95519000,1711948980000
70378.01000000,70387.63000000,70374.62000000,70386.89000000,11.94531000,1711949040000
70386.88000000,70386.89000000,70367.00000000,70382.00000000,9.75080000,1711949100000
70382.00000000,70382.00000000,70352.95000000,70352.96000000,11.23096000,1711949160000
70352.95000000,70378.00000000,70345.74000000,70377.99000000,34.56630000,1711949220000
70377.99000000,70378.00000000,70375.54000000,70375.54000000,9.66053000,1711949280000
70375.55000000,70378.00000000,70371.78000000,70377.99000000,12.62225000,1711949340000
70377.99000000,70400.00000000,70365.48000000,70365.48000000,31.21386000,1711949400000
70365.49000000,70365.50000000,70330.88000000,70330.89000000,22.38527000,1711949460000
70330.89000000,70368.00000000,70315.54000000,70355.17000000,13.82048000,1711949520000
70355.16000000,70355.17000000,70315.01000000,70315.02000000,15.60050000,1711949580000
70315.02000000,70331.98000000,70315.01000000,70319.45000000,8.68271000,1711949640000
70319.44000000,70319.45000000,70285.78000000,70285.78000000,31.78704000,1711949700000
70285.78000000,70285.79000000,70228.40000000,70272.00000000,41.75006000,1711949760000
70272.00000000,70276.02000000,70253.76000000,70253.77000000,14.27722000,1711949820000
70253.76000000,70253.77000000,70210.29000000,70210.30000000,28.21303000,1711949880000
70210.30000000,70233.78000000,70197.56000000,70218.00000000,59.44337000,1711949940000
70217.99000000,70220.00000000,70159.59000000,70174.00000000,44.03610000,1711950000000
70174.01000000,70180.00000000,70130.23000000,70149.99000000,43.54097000,1711950060000
70150.00000000,70150.00000000,70110.00000000,70110.00000000,33.74508000,1711950120000
70110.00000000,70207.80000000,70101.00000000,70200.01000000,35.18162000,1711950180000
70200.00000000,70200.01000000,70158.00000000,70158.01000000,19.93026000,1711950240000
70158.00000000,70158.01000000,70053.99000000,70055.01000000,83.80656000,1711950300000
70055.01000000,70055.01000000,69990.00000000,69990.00000000,109.21260000,1711950360000
69990.00000000,69990.01000000,69801.00000000,69815.13000000,155.21017000,1711950420000
69815.14000000,69815.14000000,69500.00000000,69553.10000000,369.98467000,1711950480000
69553.09000000,69683.52000000,69553.09000000,69590.16000000,194.20541000,1711950540000
69590.16000000,69590.17000000,69125.00000000,69261.99000000,508.72717000,1711950600000
69261.99000000,69406.00000000,69220.63000000,69393.99000000,219.35181000,1711950660000
69393.98000000,69446.00000000,69125.00000000,69209.52000000,198.92215000,1711950720000
69208.00000000,69242.00000000,69030.44000000,69076.01000000,196.46805000,1711950780000
69076.01000000,69284.01000000,69075.99000000,69234.00000000,147.75956000,1711950840000
69230.76000000,69360.00000000,69200.15000000,69274.01000000,179.35756000,1711950900000
69274.01000000,69274.01000000,69065.37000000,69119.42000000,107.79680000,1711950960000
69116.40000000,69240.00000000,69000.00000000,69240.00000000,249.46028000,1711951020000
69240.00000000,69335.95000000,69225.55000000,69318.00000000,99.91045000,1711951080000
69318.01000000,69336.00000000,69099.28000000,69167.48000000,141.95279000,1711951140000
69167.47000000,69187.70000000,69000.00000000,69174.01000000,200.93183000,1711951200000
69174.00000000,69283.99000000,69085.60000000,69099.99000000,124.89577000,1711951260000
69099.99000000,69151.19000000,68888.00000000,68972.01000000,246.53466000,1711951320000
68972.01000000,69220.00000000,68942.00000000,69174.41000000,121.40526000,1711951380000
69174.42000000,69380.00000000,69136.36000000,69326.01000000,116.09928000,1711951440000
69326.01000000,69360.00000000,69220.24000000,69222.15000000,74.35443000,1711951500000
69222.15000000,69222.16000000,69105.54000000,69208.80000000,124.35531000,1711951560000
69208.80000000,69258.03000000,69197.24000000,69232.00000000,50.56400000,1711951620000
69231.99000000,69314.19000000,69231.99000000,69286.96000000,52.24750000,1711951680000
69286.95000000,69388.15000000,69286.95000000,69357.78000000,94.85308000,1711951740000
69357.78000000,69358.92000000,69223.89000000,69248.00000000,145.25262000,1711951800000
69247.99000000,69291.61000000,69222.45000000,69291.60000000,67.33357000,1711951860000
69291.61000000,69318.55000000,69203.00000000,69207.12000000,92.45766000,1711951920000
69207.12000000,69280.00000000,69188.00000000,69279.99000000,57.42775000,1711951980000
69280.00000000,69323.52000000,69253.99000000,69272.14000000,49.13565000,1711952040000
69272.15000000,69381.99000000,69272.14000000,69381.99000000,45.08838000,1711952100000
69381.98000000,69459.87000000,69381.98000000,69459.86000000,46.29532000,1711952160000
69459.87000000,69492.15000000,69444.42000000,69466.47000000,58.06340000,1711952220000
69466.47000000,69501.49000000,69466.46000000,69490.00000000,82.11809000,1711952280000
69490.01000000,69490.01000000,69317.64000000,69342.00000000,81.70352000,1711952340000
69342.00000000,69400.00000000,69326.00000000,69337.71000000,49.89065000,1711952400000
69337.71000000,69419.54000000,69337.70000000,69407.03000000,36.77431000,1711952460000
69407.03000000,69422.92000000,69372.51000000,69409.88000000,74.19053000,1711952520000
69409.88000000,69464.70000000,69399.99000000,69430.01000000,37.45361000,1711952580000
69430.00000000,69442.00000000,69389.99000000,69389.99000000,33.20280000,1711952640000
69390.00000000,69390.00000000,69269.72000000,69302.00000000,67.49187000,1711952700000
69302.00000000,69358.36000000,69301.99000000,69328.51000000,37.47378000,1711952760000
69328.50000000,69373.13000000,69328.50000000,69362.82000000,19.53222000,1711952820000
69362.83000000,69368.00000000,69347.30000000,69360.02000000,13.06326000,1711952880000
69360.02000000,69374.61000000,69350.01000000,69365.99000000,24.92634000,1711952940000
69365.99000000,69374.00000000,69350.00000000,69350.00000000,34.90949000,1711953000000
69350.01000000,69491.74000000,69300.33000000,69490.69000000,45.90824000,1711953060000
69490.70000000,69497.64000000,69409.73000000,69435.20000000,49.50943000,1711953120000
69435.21000000,69488.00000000,69435.20000000,69447.37000000,40.20601000,1711953180000
69447.37000000,69489.57000000,69430.00000000,69489.56000000,38.42341000,1711953240000
69489.57000000,69544.11000000,69489.56000000,69537.17000000,47.95779000,1711953300000
69537.17000000,69613.20000000,69520.00000000,69541.00000000,68.95982000,1711953360000
69541.01000000,69590.01000000,69533.04000000,69574.98000000,32.86937000,1711953420000
69574.97000000,69643.48000000,69574.97000000,69612.02000000,47.18249000,1711953480000
69612.02000000,69612.02000000,69572.67000000,69590.11000000,35.78233000,1711953540000
69590.11000000,69590.12000000,69510.01000000,69512.00000000,50.70655000,1711953600000
69511.99000000,69552.00000000,69511.99000000,69549.25000000,50.43402000,1711953660000
69549.24000000,69587.23000000,69549.24000000,69580.47000000,21.30621000,1711953720000
69580.46000000,69620.00000000,69580.46000000,69620.00000000,31.89989000,1711953780000
69620.00000000,69658.05000000,69619.99000000,69640.01000000,77.25476000,1711953840000
69640.01000000,69640.01000000,69571.03000000,69571.03000000,28.56835000,1711953900000
69571.03000000,69615.63000000,69571.03000000,69600.58000000,47.38458000,1711953960000
69600.58000000,69604.86000000,69580.04000000,69596.01000000,18.16184000,1711954020000
69596.00000000,69600.00000000,69565.39000000,69583.99000000,42.50958000,1711954080000
69583.99000000,69597.35000000,69560.96000000,69561.74000000,41.31587000,1711954140000
69561.74000000,69568.00000000,69525.73000000,69539.99000000,27.10955000,1711954200000
69539.99000000,69558.00000000,69486.61000000,69522.00000000,58.73511000,1711954260000
69521.99000000,69594.00000000,69521.99000000,69594.00000000,28.75513000,1711954320000
69594.00000000,69611.99000000,69584.70000000,69611.99000000,46.89926000,1711954380000
69611.98000000,69631.89000000,69611.97000000,69622.01000000,27.83560000,1711954440000
69622.01000000,69671.64000000,69622.00000000,69671.64000000,19.76484000,1711954500000
69671.64000000,69671.64000000,69650.00000000,69656.00000000,35.29321000,1711954560000
69656.00000000,69658.00000000,69634.29000000,69652.61000000,15.56144000,1711954620000
69652.62000000,69654.00000000,69598.12000000,69602.00000000,22.18064000,1711954680000
69602.00000000,69621.93000000,69601.99000000,69614.96000000,13.90546000,1711954740000
69614.96000000,69621.17000000,69580.00000000,69621.17000000,58.65846000,1711954800000
69621.16000000,69634.00000000,69520.00000000,69523.62000000,46.37652000,1711954860000
69523.63000000,69561.64000000,69523.62000000,69561.64000000,12.16601000,1711954920000
69561.63000000,69664.20000000,69561.63000000,69664.20000000,31.13604000,1711954980000
69664.20000000,69701.78000000,69664.19000000,69697.09000000,22.55969000,1711955040000
69697.09000000,69744.11000000,69694.81000000,69720.00000000,79.53392000,1711955100000
69719.99000000,69763.76000000,69719.99000000,69747.05000000,75.38244000,1711955160000
69747.05000000,69755.63000000,69715.74000000,69755.63000000,33.59209000,1711955220000
69755.62000000,69786.00000000,69755.62000000,69781.82000000,29.69896000,1711955280000
69781.82000000,69784.76000000,69734.79000000,69736.86000000,34.52206000,1711955340000
69736.87000000,69736.87000000,69703.56000000,69718.00000000,21.19790000,1711955400000
69718.01000000,69730.00000000,69706.67000000,69706.67000000,14.92139000,1711955460000
69706.68000000,69715.25000000,69706.67000000,69715.24000000,9.92469000,1711955520000
69715.24000000,69728.00000000,69709.02000000,69721.99000000,9.78113000,1711955580000
69722.00000000,69728.22000000,69702.05000000,69702.05000000,11.30119000,1711955640000
69702.05000000,69710.54000000,69676.86000000,69686.01000000,30.31611000,1711955700000
69686.00000000,69689.44000000,69682.47000000,69689.44000000,9.65984000,1711955760000
69689.43000000,69728.22000000,69689.43000000,69708.05000000,35.85718000,1711955820000
69708.05000000,69708.06000000,69690.54000000,69693.90000000,16.96863000,1711955880000
69693.90000000,69693.91000000,69689.28000000,69689.28000000,7.24520000,1711955940000
69689.29000000,69708.87000000,69689.28000000,69705.14000000,14.77333000,1711956000000
69705.14000000,69705.14000000,69694.71000000,69694.71000000,15.97198000,1711956060000
69694.72000000,69728.97000000,69676.87000000,69728.97000000,71.63002000,1711956120000
69728.96000000,69728.97000000,69660.56000000,69660.57000000,33.46165000,1711956180000
69660.57000000,69660.86000000,69650.00000000,69653.88000000,16.33740000,1711956240000
69653.89000000,69663.76000000,69640.03000000,69663.76000000,27.19192000,1711956300000
69663.76000000,69667.69000000,69643.70000000,69667.68000000,35.57755000,1711956360000
69667.68000000,69720.00000000,69667.68000000,69704.14000000,42.79441000,1711956420000
69704.13000000,69719.92000000,69704.13000000,69715.39000000,23.51127000,1711956480000
69715.38000000,69720.26000000,69704.00000000,69704.01000000,7.51008000,1711956540000
69704.01000000,69710.00000000,69684.00000000,69684.00000000,18.94994000,1711956600000
69684.01000000,69719.82000000,69684.00000000,69719.81000000,10.94224000,1711956660000
69719.82000000,69744.00000000,69708.13000000,69708.14000000,51.59173000,1711956720000
69708.13000000,69708.14000000,69622.58000000,69622.58000000,54.74212000,1711956780000
69622.59000000,69631.92000000,69600.98000000,69626.89000000,39.76487000,1711956840000
69626.88000000,69688.00000000,69626.88000000,69653.62000000,31.63898000,1711956900000
69653.63000000,69668.90000000,69640.14000000,69640.14000000,4.67569000,1711956960000
69640.14000000,69760.00000000,69640.14000000,69702.24000000,42.91944000,1711957020000
69702.24000000,69702.24000000,69656.01000000,69656.02000000,20.55346000,1711957080000
69656.02000000,69656.02000000,69618.49000000,69618.50000000,15.71761000,1711957140000
69618.49000000,69618.50000000,69544.12000000,69559.99000000,33.47708000,1711957200000
69559.99000000,69575.97000000,69522.57000000,69530.00000000,39.58240000,1711957260000
69529.99000000,69550.00000000,69524.04000000,69542.93000000,18.66944000,1711957320000
69542.94000000,69549.88000000,69530.82000000,69530.82000000,11.57031000,1711957380000
69530.82000000,69568.32000000,69530.82000000,69568.32000000,24.50202000,1711957440000
69568.31000000,69600.00000000,69563.28000000,69600.00000000,30.76027000,1711957500000
69599.99000000,69600.00000000,69555.78000000,69600.00000000,40.51895000,1711957560000
69599.99000000,69680.00000000,69593.03000000,69652.01000000,32.81160000,1711957620000
69652.00000000,69700.00000000,69642.96000000,69642.96000000,26.34662000,1711957680000
69642.97000000,69670.82000000,69642.96000000,69670.81000000,9.68542000,1711957740000
69670.82000000,69699.99000000,69666.78000000,69687.03000000,12.90161000,1711957800000
69687.02000000,69687.03000000,69655.00000000,69655.01000000,12.47780000,1711957860000
69655.01000000,69666.00000000,69647.03000000,69665.99000000,16.58896000,1711957920000
69666.00000000,69694.00000000,69665.99000000,69694.00000000,10.92463000,1711957980000
69693.99000000,69723.53000000,69684.69000000,69700.01000000,25.44451000,1711958040000
69700.00000000,69700.01000000,69672.90000000,69683.99000000,16.67844000,1711958100000
69683.99000000,69692.71000000,69636.06000000,69636.06000000,27.18948000,1711958160000
69636.07000000,69636.07000000,69600.08000000,69600.08000000,21.28678000,1711958220000
69600.09000000,69600.09000000,69600.08000000,69600.08000000,6.19172000,1711958280000
69600.09000000,69600.09000000,69594.92000000,69594.94000000,11.07096000,1711958340000
69594.94000000,69594.94000000,69566.88000000,69577.37000000,47.34505000,1711958400000
69577.37000000,69594.94000000,69555.75000000,69555.76000000,33.16478000,1711958460000
69555.75000000,69568.00000000,69526.67000000,69532.00000000,26.10187000,1711958520000
69531.99000000,69550.00000000,69518.18000000,69518.18000000,34.94846000,1711958580000
69518.19000000,69518.19000000,69470.60000000,69498.00000000,42.29074000,1711958640000
69498.00000000,69573.50000000,69455.19000000,69573.49000000,61.20726000,1711958700000
69573.50000000,69573.50000000,69501.96000000,69512.15000000,21.54012000,1711958760000
69512.15000000,69512.16000000,69407.90000000,69431.59000000,42.38899000,1711958820000
69431.58000000,69442.93000000,69389.93000000,69414.89000000,33.49307000,1711958880000
69414.88000000,69446.69000000,69394.44000000,69446.69000000,24.43958000,1711958940000
69446.69000000,69494.00000000,69446.68000000,69452.00000000,52.61962000,1711959000000
69452.00000000,69529.26000000,69452.00000000,69529.25000000,24.44153000,1711959060000
69529.25000000,69529.26000000,69450.00000000,69450.00000000,19.99298000,1711959120000
69450.01000000,69474.00000000,69420.06000000,69448.85000000,23.57646000,1711959180000
69448.86000000,69487.51000000,69448.85000000,69474.01000000,12.81902000,1711959240000
69474.01000000,69474.01000000,69453.44000000,69453.44000000,15.17436000,1711959300000
69453.44000000,69549.19000000,69450.00000000,69549.18000000,31.23415000,1711959360000
69549.18000000,69552.00000000,69504.50000000,69504.51000000,16.48570000,1711959420000
69504.50000000,69542.00000000,69504.50000000,69504.65000000,22.32125000,1711959480000
69504.65000000,69509.62000000,69460.08000000,69460.08000000,36.09373000,1711959540000
69460.09000000,69460.09000000,69380.00000000,69426.07000000,51.67846000,1711959600000
69426.06000000,69446.10000000,69414.11000000,69414.11000000,24.35542000,1711959660000
69414.11000000,69414.12000000,69350.29000000,69368.94000000,35.54958000,1711959720000
69368.94000000,69368.95000000,69337.36000000,69359.99000000,26.12622000,1711959780000
69359.99000000,69363.77000000,69312.92000000,69348.01000000,22.64658000,1711959840000
69348.01000000,69348.01000000,69300.34000000,69345.53000000,44.33523000,1711959900000
69345.54000000,69363.00000000,69312.00000000,69323.92000000,11.07986000,1711959960000
69323.91000000,69401.22000000,69323.91000000,69387.30000000,33.61906000,1711960020000
69387.31000000,69397.06000000,69380.00000000,69389.07000000,44.95787000,1711960080000
69389.07000000,69389.83000000,69378.00000000,69378.01000000,14.62276000,1711960140000
69378.01000000,69396.76000000,69342.25000000,69342.25000000,22.52735000,1711960200000
69342.25000000,69355.80000000,69342.25000000,69342.41000000,16.44698000,1711960260000
69342.42000000,69342.42000000,69165.35000000,69270.38000000,144.21548000,1711960320000
69270.38000000,69366.18000000,69270.37000000,69366.18000000,53.08934000,1711960380000
69366.17000000,69492.12000000,69339.67000000,69440.01000000,76.37826000,1711960440000
69440.01000000,69472.00000000,69434.00000000,69450.00000000,24.39099000,1711960500000
69450.00000000,69450.01000000,69394.00000000,69413.36000000,23.39677000,1711960560000
69413.36000000,69413.36000000,69328.01000000,69359.04000000,35.81232000,1711960620000
69359.04000000,69393.99000000,69359.03000000,69393.98000000,10.85036000,1711960680000
69393.98000000,69475.00000000,69387.66000000,69474.99000000,39.13468000,1711960740000
69475.00000000,69479.29000000,69452.31000000,69452.32000000,19.21619000,1711960800000
69452.32000000,69500.00000000,69452.31000000,69500.00000000,28.25484000,1711960860000
69499.99000000,69511.99000000,69485.99000000,69485.99000000,15.74634000,1711960920000
69486.00000000,69500.00000000,69480.41000000,69499.99000000,22.21130000,1711960980000
69500.00000000,69545.00000000,69496.00000000,69519.79000000,43.96516000,1711961040000
69519.79000000,69545.00000000,69519.78000000,69544.99000000,29.57721000,1711961100000
69545.00000000,69593.75000000,69544.99000000,69568.17000000,18.80017000,1711961160000
69568.17000000,69568.17000000,69512.00000000,69512.00000000,9.38844000,1711961220000
69512.00000000,69512.01000000,69472.30000000,69472.30000000,36.93882000,1711961280000
69472.31000000,69494.93000000,69460.00000000,69460.00000000,31.54162000,1711961340000
69460.00000000,69460.01000000,69410.00000000,69455.45000000,48.12293000,1711961400000
69455.45000000,69455.46000000,69397.06000000,69408.60000000,19.71080000,1711961460000
69408.61000000,69426.00000000,69386.00000000,69386.01000000,16.21979000,1711961520000
69386.00000000,69458.98000000,69366.22000000,69458.98000000,41.17537000,1711961580000
69458.97000000,69458.98000000,69426.03000000,69436.00000000,28.94718000,1711961640000
69436.00000000,69442.08000000,69402.00000000,69407.19000000,19.82175000,1711961700000
69407.19000000,69425.49000000,69404.00000000,69413.62000000,14.11099000,1711961760000
69413.62000000,69430.41000000,69413.62000000,69413.76000000,9.58680000,1711961820000
69413.76000000,69413.77000000,69397.55000000,69397.56000000,11.72774000,1711961880000
69397.56000000,69397.56000000,69375.00000000,69388.64000000,11.71834000,1711961940000
69388.64000000,69453.99000000,69388.64000000,69453.98000000,21.16875000,1711962000000
69453.99000000,69475.00000000,69442.10000000,69458.00000000,33.63974000,1711962060000
69458.00000000,69460.00000000,69432.00000000,69460.00000000,21.70030000,1711962120000
69460.00000000,69471.99000000,69447.98000000,69447.99000000,21.08262000,1711962180000
69447.98000000,69456.67000000,69428.57000000,69441.71000000,20.44491000,1711962240000
69441.70000000,69460.09000000,69432.23000000,69460.09000000,22.55722000,1711962300000
69460.09000000,69503.99000000,69460.08000000,69477.98000000,24.45708000,1711962360000
69477.97000000,69530.00000000,69477.97000000,69523.04000000,24.11161000,1711962420000
69523.04000000,69523.05000000,69505.74000000,69523.04000000,13.50152000,1711962480000
69523.05000000,69554.93000000,69523.04000000,69554.93000000,28.47939000,1711962540000
69554.92000000,69577.98000000,69554.92000000,69576.24000000,20.92639000,1711962600000
69576.24000000,69576.25000000,69555.72000000,69576.22000000,12.85640000,1711962660000
69576.22000000,69578.82000000,69556.00000000,69568.01000000,17.27464000,1711962720000
69568.00000000,69568.01000000,69568.00000000,69568.01000000,3.85309000,1711962780000
69568.00000000,69616.65000000,69568.00000000,69586.01000000,27.59004000,1711962840000
69586.01000000,69586.01000000,69575.58000000,69576.01000000,18.93229000,1711962900000
69576.00000000,69576.01000000,69562.56000000,69566.77000000,6.86302000,1711962960000
69566.77000000,69568.01000000,69562.90000000,69568.00000000,7.88192000,1711963020000
69568.01000000,69568.01000000,69555.72000000,69555.72000000,11.70810000,1711963080000
69555.73000000,69555.73000000,69516.92000000,69530.11000000,28.75679000,1711963140000
69530.11000000,69530.12000000,69500.35000000,69500.36000000,16.37184000,1711963200000
69500.35000000,69514.24000000,69500.35000000,69508.10000000,24.86793000,1711963260000
69508.10000000,69511.61000000,69489.96000000,69489.97000000,17.13062000,1711963320000
69489.96000000,69489.97000000,69460.58000000,69489.96000000,14.78216000,1711963380000
69489.97000000,69514.00000000,69489.96000000,69507.05000000,16.32488000,1711963440000
69507.05000000,69531.46000000,69498.68000000,69531.45000000,16.74028000,1711963500000
69531.46000000,69541.46000000,69531.45000000,69541.46000000,16.48556000,1711963560000
69541.45000000,69541.46000000,69541.45000000,69541.46000000,6.95900000,1711963620000
69541.45000000,69549.86000000,69541.45000000,69549.86000000,12.92479000,1711963680000
69549.85000000,69549.86000000,69474.76000000,69479.74000000,24.85635000,1711963740000
69479.74000000,69486.69000000,69457.07000000,69457.08000000,19.50112000,1711963800000
69457.07000000,69489.40000000,69450.00000000,69462.94000000,37.41332000,1711963860000
69462.94000000,69469.18000000,69455.67000000,69455.68000000,13.48157000,1711963920000
69455.68000000,69455.68000000,69429.72000000,69429.72000000,9.45594000,1711963980000
69429.73000000,69463.95000000,69429.72000000,69463.95000000,15.03165000,1711964040000
69463.94000000,69466.00000000,69431.95000000,69431.96000000,9.34522000,1711964100000
69431.95000000,69505.97000000,69431.95000000,69505.96000000,25.83688000,1711964160000
69505.97000000,69505.97000000,69492.00000000,69492.00000000,15.15261000,1711964220000
69492.01000000,69492.01000000,69476.60000000,69489.82000000,20.01311000,1711964280000
69489.83000000,69489.83000000,69478.12000000,69478.12000000,7.34025000,1711964340000
69478.13000000,69478.13000000,69473.83000000,69473.83000000,6.12726000,1711964400000
69473.84000000,69473.84000000,69471.03000000,69471.04000000,7.39940000,1711964460000
69471.03000000,69498.00000000,69471.03000000,69498.00000000,11.47016000,1711964520000
69498.00000000,69498.00000000,69466.01000000,69466.01000000,13.76583000,1711964580000
69466.02000000,69466.02000000,69421.98000000,69428.92000000,11.52964000,1711964640000
69428.92000000,69453.88000000,69400.01000000,69453.87000000,24.15418000,1711964700000
69453.88000000,69539.00000000,69453.87000000,69526.01000000,28.60881000,1711964760000
69526.01000000,69533.12000000,69512.36000000,69518.01000000,15.13277000,1711964820000
69518.00000000,69518.01000000,69510.00000000,69510.00000000,3.30146000,1711964880000
69510.01000000,69530.37000000,69510.00000000,69514.01000000,9.32907000,1711964940000
69514.01000000,69514.01000000,69503.05000000,69503.06000000,11.48545000,1711965000000
69503.05000000,69510.78000000,69490.71000000,69490.71000000,12.87640000,1711965060000
69490.72000000,69490.72000000,69441.20000000,69441.20000000,13.23961000,1711965120000
69441.21000000,69448.14000000,69411.96000000,69411.97000000,15.52441000,1711965180000
69411.97000000,69431.10000000,69411.92000000,69431.10000000,11.69583000,1711965240000
69431.10000000,69431.10000000,69397.06000000,69397.06000000,19.23932000,1711965300000
69397.07000000,69408.57000000,69397.06000000,69401.62000000,17.14250000,1711965360000
69401.63000000,69408.58000000,69398.00000000,69401.64000000,8.75515000,1711965420000
69401.64000000,69415.00000000,69395.00000000,69415.00000000,22.03522000,1711965480000
69415.00000000,69415.00000000,69395.00000000,69395.00000000,4.85547000,1711965540000
69395.00000000,69395.01000000,69374.78000000,69389.51000000,20.08377000,1711965600000
69389.51000000,69420.00000000,69384.02000000,69384.02000000,19.10257000,1711965660000
69384.02000000,69418.30000000,69384.02000000,69418.29000000,14.82648000,1711965720000
69418.30000000,69474.65000000,69418.29000000,69450.00000000,30.35920000,1711965780000
69450.00000000,69450.01000000,69400.00000000,69400.01000000,9.27135000,1711965840000
69400.00000000,69400.01000000,69350.01000000,69358.01000000,15.20152000,1711965900000
69358.00000000,69388.13000000,69358.00000000,69388.12000000,12.26632000,1711965960000
69388.12000000,69439.27000000,69387.31000000,69406.75000000,32.17764000,1711966020000
69406.75000000,69426.36000000,69406.75000000,69422.84000000,9.05208000,1711966080000
69422.85000000,69432.91000000,69416.73000000,69432.90000000,12.63944000,1711966140000
69432.90000000,69432.91000000,69422.85000000,69422.86000000,2.55909000,1711966200000
69422.85000000,69444.76000000,69422.85000000,69438.01000000,9.34360000,1711966260000
69438.00000000,69474.84000000,69424.00000000,69474.84000000,34.54275000,1711966320000
69474.83000000,69490.00000000,69468.96000000,69468.97000000,28.50448000,1711966380000
69468.97000000,69468.97000000,69468.96000000,69468.96000000,6.05624000,1711966440000
69468.97000000,69478.44000000,69448.11000000,69448.11000000,17.77342000,1711966500000
69448.11000000,69468.46000000,69436.04000000,69468.45000000,21.78581000,1711966560000
69468.46000000,69474.00000000,69458.63000000,69458.63000000,13.71907000,1711966620000
69458.64000000,69458.64000000,69432.01000000,69432.02000000,10.80150000,1711966680000
69432.02000000,69432.02000000,69432.01000000,69432.01000000,8.81928000,1711966740000
69432.01000000,69432.02000000,69410.12000000,69414.01000000,22.65174000,1711966800000
69414.00000000,69423.22000000,69351.21000000,69353.28000000,30.90857000,1711966860000
69353.28000000,69353.28000000,69280.01000000,69304.99000000,47.36688000,1711966920000
69304.98000000,69341.94000000,69304.98000000,69341.93000000,38.34403000,1711966980000
69341.94000000,69341.94000000,69341.90000000,69341.90000000,2.69172000,1711967040000
69341.91000000,69341.91000000,69303.10000000,69316.29000000,14.74750000,1711967100000
69316.28000000,69347.13000000,69316.28000000,69347.12000000,13.48184000,1711967160000
69347.13000000,69353.03000000,69336.00000000,69336.00000000,6.22449000,1711967220000
69336.00000000,69338.57000000,69324.04000000,69324.69000000,12.01534000,1711967280000
69324.70000000,69327.24000000,69313.84000000,69327.24000000,15.36642000,1711967340000
69327.23000000,69327.24000000,69293.01000000,69303.98000000,22.47040000,1711967400000
69303.98000000,69360.00000000,69303.98000000,69359.99000000,17.24233000,1711967460000
69360.00000000,69360.00000000,69348.00000000,69359.96000000,9.18995000,1711967520000
69359.96000000,69373.13000000,69359.00000000,69359.01000000,10.22938000,1711967580000
69359.00000000,69359.01000000,69350.00000000,69350.01000000,11.32653000,1711967640000
69350.00000000,69350.01000000,69320.00000000,69332.01000000,6.90299000,1711967700000
69332.01000000,69343.70000000,69332.00000000,69336.00000000,6.34695000,1711967760000
69336.00000000,69420.00000000,69336.00000000,69406.41000000,24.11142000,1711967820000
69406.40000000,69460.06000000,69406.40000000,69460.06000000,17.40131000,1711967880000
69460.05000000,69474.99000000,69460.05000000,69470.01000000,19.34690000,1711967940000
69470.00000000,69470.01000000,69450.00000000,69450.00000000,10.17313000,1711968000000
69450.00000000,69450.01000000,69418.05000000,69431.93000000,19.71113000,1711968060000
69431.93000000,69444.00000000,69431.92000000,69444.00000000,9.33635000,1711968120000
69444.00000000,69444.00000000,69443.99000000,69443.99000000,5.75824000,1711968180000
69444.00000000,69444.00000000,69424.00000000,69424.00000000,10.03411000,1711968240000
69424.00000000,69485.90000000,69424.00000000,69485.90000000,8.97089000,1711968300000
69485.90000000,69514.88000000,69485.00000000,69514.87000000,18.37785000,1711968360000
69514.88000000,69532.25000000,69514.87000000,69532.25000000,10.10280000,1711968420000
69532.25000000,69558.51000000,69528.00000000,69540.01000000,32.59344000,1711968480000
69540.01000000,69560.20000000,69531.36000000,69547.05000000,24.51114000,1711968540000
69547.05000000,69547.07000000,69516.01000000,69516.02000000,20.00639000,1711968600000
69516.01000000,69522.73000000,69511.00000000,69522.72000000,12.66100000,1711968660000
69522.73000000,69544.17000000,69522.72000000,69544.17000000,11.19449000,1711968720000
69544.16000000,69558.05000000,69544.16000000,69558.05000000,3.44984000,1711968780000
69558.04000000,69577.14000000,69551.08000000,69577.13000000,10.91972000,1711968840000
69577.13000000,69577.14000000,69551.09000000,69551.09000000,10.29042000,1711968900000
69551.09000000,69575.99000000,69551.09000000,69561.19000000,12.30624000,1711968960000
69561.18000000,69572.10000000,69552.00000000,69552.01000000,7.51446000,1711969020000
69552.00000000,69552.01000000,69552.00000000,69552.00000000,2.19828000,1711969080000
69552.00000000,69558.96000000,69552.00000000,69554.01000000,6.85855000,1711969140000
69554.00000000,69558.97000000,69532.12000000,69558.96000000,14.82266000,1711969200000
69558.96000000,69581.13000000,69558.96000000,69572.11000000,13.90513000,1711969260000
69572.11000000,69654.22000000,69572.11000000,69645.31000000,44.81612000,1711969320000
69645.31000000,69712.49000000,69645.30000000,69688.01000000,31.16803000,1711969380000
69688.01000000,69712.00000000,69683.33000000,69707.34000000,19.01433000,1711969440000
69707.34000000,69707.34000000,69654.89000000,69654.89000000,12.73987000,1711969500000
69654.89000000,69688.91000000,69642.00000000,69676.48000000,11.31901000,1711969560000
69676.49000000,69685.92000000,69660.73000000,69673.08000000,15.36400000,1711969620000
69673.08000000,69684.00000000,69624.00000000,69624.01000000,12.88903000,1711969680000
69624.00000000,69630.00000000,69604.88000000,69619.15000000,31.58781000,1711969740000
69619.15000000,69663.85000000,69619.14000000,69646.84000000,19.42643000,1711969800000
69646.83000000,69687.42000000,69646.00000000,69668.90000000,16.99718000,1711969860000
69668.90000000,69764.70000000,69668.90000000,69758.00000000,34.93078000,1711969920000
69758.01000000,69799.98000000,69750.00000000,69755.02000000,36.55044000,1711969980000
69755.03000000,69755.03000000,69724.00000000,69724.00000000,7.89253000,1711970040000
69724.01000000,69724.01000000,69700.01000000,69709.76000000,14.86888000,1711970100000
69709.76000000,69723.88000000,69709.75000000,69720.78000000,11.73767000,1711970160000
69720.78000000,69760.00000000,69700.23000000,69700.24000000,33.50795000,1711970220000
69700.23000000,69710.28000000,69692.02000000,69693.70000000,17.94041000,1711970280000
69693.70000000,69693.70000000,69660.36000000,69660.49000000,7.59259000,1711970340000
69660.48000000,69672.00000000,69620.78000000,69620.78000000,21.80716000,1711970400000
69620.79000000,69630.97000000,69617.65000000,69630.96000000,13.73049000,1711970460000
69630.96000000,69648.00000000,69620.00000000,69632.69000000,22.78384000,1711970520000
69632.68000000,69650.18000000,69632.68000000,69650.18000000,14.06183000,1711970580000
69650.18000000,69650.18000000,69610.00000000,69610.01000000,21.29493000,1711970640000
69610.00000000,69610.01000000,69582.56000000,69582.57000000,15.98599000,1711970700000
69582.56000000,69616.04000000,69582.54000000,69594.61000000,9.71437000,1711970760000
69594.60000000,69605.85000000,69583.26000000,69583.27000000,15.09597000,1711970820000
69583.26000000,69625.78000000,69583.26000000,69612.43000000,23.27124000,1711970880000
69612.42000000,69612.44000000,69588.07000000,69588.08000000,17.26069000,1711970940000
69588.07000000,69588.08000000,69559.06000000,69559.08000000,25.09651000,1711971000000
69559.08000000,69559.08000000,69475.44000000,69483.13000000,35.65327000,1711971060000
69483.14000000,69513.68000000,69483.13000000,69486.30000000,14.02650000,1711971120000
69486.31000000,69513.36000000,69486.30000000,69497.12000000,19.07754000,1711971180000
69497.12000000,69508.00000000,69497.12000000,69507.99000000,11.89446000,1711971240000
69507.99000000,69508.00000000,69474.70000000,69485.52000000,13.56276000,1711971300000
69485.53000000,69515.99000000,69482.00000000,69482.00000000,11.59027000,1711971360000
69482.01000000,69494.00000000,69482.00000000,69493.99000000,10.34356000,1711971420000
69493.99000000,69494.00000000,69460.00000000,69460.00000000,19.37257000,1711971480000
69460.00000000,69497.45000000,69460.00000000,69470.00000000,27.05400000,1711971540000
69469.99000000,69483.99000000,69469.99000000,69472.15000000,10.41424000,1711971600000
69472.15000000,69472.15000000,69443.70000000,69443.71000000,15.49035000,1711971660000
69443.70000000,69443.71000000,69440.00000000,69440.00000000,5.89833000,1711971720000
69440.01000000,69500.00000000,69440.00000000,69490.01000000,20.01146000,1711971780000
69490.01000000,69540.00000000,69490.00000000,69510.96000000,14.81056000,1711971840000
69510.96000000,69570.83000000,69500.00000000,69554.09000000,19.08319000,1711971900000
69554.08000000,69554.09000000,69519.99000000,69520.00000000,9.45391000,1711971960000
69519.99000000,69520.00000000,69498.41000000,69498.41000000,12.73967000,1711972020000
69498.42000000,69498.42000000,69480.32000000,69480.33000000,5.39792000,1711972080000
69480.32000000,69480.33000000,69455.79000000,69456.19000000,15.11164000,1711972140000
69456.19000000,69480.00000000,69456.18000000,69480.00000000,15.69416000,1711972200000
69479.99000000,69506.96000000,69479.99000000,69506.95000000,8.11675000,1711972260000
69506.95000000,69506.96000000,69484.00000000,69500.00000000,10.18741000,1711972320000
69499.99000000,69500.00000000,69488.40000000,69488.41000000,5.03037000,1711972380000
69488.40000000,69500.00000000,69488.40000000,69490.33000000,8.00882000,1711972440000
69490.33000000,69490.34000000,69471.56000000,69471.58000000,18.04981000,1711972500000
69471.57000000,69480.00000000,69455.79000000,69480.00000000,10.34623000,1711972560000
69480.00000000,69517.13000000,69479.99000000,69508.79000000,10.00739000,1711972620000
69508.80000000,69508.80000000,69474.27000000,69474.28000000,5.71766000,1711972680000
69474.28000000,69474.29000000,69460.00000000,69460.01000000,21.06247000,1711972740000
69460.00000000,69460.01000000,69400.69000000,69427.99000000,37.34490000,1711972800000
69427.98000000,69467.70000000,69424.76000000,69467.70000000,23.64094000,1711972860000
69467.70000000,69512.17000000,69467.69000000,69504.64000000,24.30386000,1711972920000
69504.64000000,69504.65000000,69464.94000000,69464.94000000,7.84325000,1711972980000
69464.95000000,69475.92000000,69454.99000000,69463.73000000,8.66997000,1711973040000
69463.73000000,69463.74000000,69443.82000000,69456.59000000,10.79632000,1711973100000
69456.59000000,69490.00000000,69456.58000000,69490.00000000,10.81362000,1711973160000
69490.00000000,69509.27000000,69477.60000000,69509.27000000,11.12524000,1711973220000
69509.27000000,69583.72000000,69509.26000000,69570.93000000,26.10459000,1711973280000
69570.94000000,69582.93000000,69565.39000000,69580.00000000,25.78733000,1711973340000
69580.00000000,69585.21000000,69557.01000000,69557.02000000,13.42691000,1711973400000
69557.01000000,69557.02000000,69554.00000000,69554.00000000,2.52273000,1711973460000
69554.00000000,69577.98000000,69554.00000000,69577.97000000,8.51325000,1711973520000
69577.97000000,69597.05000000,69577.97000000,69597.04000000,6.13624000,1711973580000
69597.04000000,69621.40000000,69597.04000000,69602.10000000,16.78044000,1711973640000
69602.11000000,69668.93000000,69582.01000000,69668.93000000,21.59584000,1711973700000
69668.92000000,69690.00000000,69656.10000000,69671.64000000,20.72998000,1711973760000
69671.63000000,69693.94000000,69671.63000000,69693.94000000,11.47203000,1711973820000
69693.94000000,69720.32000000,69693.93000000,69720.09000000,24.35076000,1711973880000
69720.10000000,69720.10000000,69700.31000000,69700.62000000,19.51869000,1711973940000
69700.63000000,69700.63000000,69660.08000000,69660.31000000,27.54184000,1711974000000
69660.31000000,69677.52000000,69660.07000000,69677.51000000,13.91860000,1711974060000
69677.52000000,69698.78000000,69677.51000000,69687.65000000,17.18954000,1711974120000
69687.66000000,69714.00000000,69687.65000000,69707.58000000,9.30727000,1711974180000
69707.58000000,69712.61000000,69707.34000000,69712.60000000,9.62523000,1711974240000
69712.61000000,69732.37000000,69703.68000000,69732.36000000,15.22162000,1711974300000
69732.36000000,69740.00000000,69725.39000000,69740.00000000,12.46174000,1711974360000
69739.99000000,69740.00000000,69733.02000000,69733.03000000,7.25785000,1711974420000
69733.03000000,69733.03000000,69724.16000000,69724.16000000,16.75206000,1711974480000
69724.16000000,69731.68000000,69720.00000000,69731.68000000,12.11638000,1711974540000
69731.67000000,69753.71000000,69722.01000000,69750.54000000,16.92530000,1711974600000
69750.55000000,69750.55000000,69694.64000000,69694.65000000,10.43831000,1711974660000
69694.65000000,69700.62000000,69672.46000000,69687.92000000,21.33042000,1711974720000
69687.92000000,69687.92000000,69687.91000000,69687.92000000,3.87804000,1711974780000
69687.91000000,69716.00000000,69687.91000000,69716.00000000,18.57898000,1711974840000
69716.00000000,69716.00000000,69697.68000000,69711.52000000,15.51307000,1711974900000
69711.52000000,69711.53000000,69686.04000000,69686.04000000,11.00121000,1711974960000
69686.04000000,69692.95000000,69677.70000000,69692.94000000,11.01643000,1711975020000
69692.94000000,69692.95000000,69687.60000000,69687.61000000,4.71718000,1711975080000
69687.60000000,69711.53000000,69687.60000000,69703.57000000,13.55004000,1711975140000
69703.57000000,69703.57000000,69697.58000000,69700.00000000,7.70566000,1711975200000
69700.00000000,69779.99000000,69699.99000000,69779.98000000,11.54664000,1711975260000
69779.99000000,69804.14000000,69768.00000000,69768.00000000,20.39376000,1711975320000
69768.01000000,69773.67000000,69759.64000000,69759.64000000,15.44709000,1711975380000
69759.64000000,69759.65000000,69737.26000000,69737.27000000,7.60858000,1711975440000
69737.26000000,69737.27000000,69689.35000000,69689.36000000,20.34651000,1711975500000
69689.36000000,69716.00000000,69686.05000000,69715.99000000,13.11277000,1711975560000
69715.99000000,69764.01000000,69715.99000000,69764.00000000,19.60287000,1711975620000
69764.01000000,69820.89000000,69764.00000000,69820.88000000,27.12528000,1711975680000
69820.88000000,69820.89000000,69781.90000000,69781.91000000,12.44622000,1711975740000
69781.90000000,69781.90000000,69744.01000000,69763.97000000,18.98235000,1711975800000
69763.97000000,69772.00000000,69760.02000000,69772.00000000,5.60570000,1711975860000
69772.00000000,69772.00000000,69749.11000000,69749.11000000,12.31557000,1711975920000
69749.11000000,69755.39000000,69731.20000000,69752.01000000,9.56813000,1711975980000
69752.01000000,69765.86000000,69752.00000000,69765.86000000,6.17074000,1711976040000
69765.85000000,69802.83000000,69765.85000000,69802.83000000,8.43833000,1711976100000
69802.82000000,69811.73000000,69795.84000000,69798.01000000,11.56466000,1711976160000
69798.01000000,69798.01000000,69798.00000000,69798.01000000,7.84970000,1711976220000
69798.00000000,69824.00000000,69798.00000000,69812.08000000,11.84473000,1711976280000
69812.09000000,69841.13000000,69812.08000000,69841.13000000,26.07841000,1711976340000
69841.13000000,69856.09000000,69781.26000000,69781.27000000,45.69044000,1711976400000
69781.26000000,69781.27000000,69764.71000000,69764.71000000,7.98678000,1711976460000
69764.71000000,69832.16000000,69764.71000000,69830.78000000,14.07275000,1711976520000
69830.79000000,69860.00000000,69830.78000000,69844.03000000,12.65756000,1711976580000
69844.04000000,69844.04000000,69806.00000000,69823.31000000,17.01506000,1711976640000
69823.30000000,69845.00000000,69800.01000000,69844.99000000,27.01796000,1711976700000
69844.99000000,69886.86000000,69844.99000000,69886.85000000,22.18356000,1711976760000
69886.85000000,69887.87000000,69872.00000000,69883.67000000,15.18305000,1711976820000
69883.67000000,69883.68000000,69872.01000000,69872.02000000,11.46758000,1711976880000
69872.02000000,69872.02000000,69853.50000000,69867.46000000,16.74806000,1711976940000
69867.46000000,69911.76000000,69867.46000000,69898.77000000,20.87095000,1711977000000
69898.77000000,69905.00000000,69786.57000000,69818.99000000,36.87727000,1711977060000
69819.00000000,69821.96000000,69790.00000000,69810.40000000,11.66175000,1711977120000
69810.40000000,69810.41000000,69796.44000000,69808.10000000,11.23669000,1711977180000
69808.09000000,69819.57000000,69801.23000000,69805.59000000,19.69645000,1711977240000
69805.60000000,69805.60000000,69757.23000000,69766.00000000,22.52689000,1711977300000
69766.00000000,69766.00000000,69659.53000000,69659.54000000,36.88704000,1711977360000
69659.54000000,69728.87000000,69654.22000000,69706.01000000,27.52285000,1711977420000
69706.02000000,69746.26000000,69706.01000000,69745.93000000,21.05720000,1711977480000
69745.93000000,69745.94000000,69710.28000000,69710.28000000,8.42006000,1711977540000
69710.29000000,69714.00000000,69686.59000000,69714.00000000,15.17353000,1711977600000
69713.99000000,69734.00000000,69713.99000000,69730.00000000,12.20557000,1711977660000
69730.00000000,69764.01000000,69729.99000000,69764.01000000,25.67134000,1711977720000
69764.01000000,69764.01000000,69718.29000000,69718.29000000,16.73187000,1711977780000
69718.30000000,69722.00000000,69709.88000000,69721.99000000,12.15798000,1711977840000
69721.99000000,69900.00000000,69721.99000000,69876.01000000,25.46100000,1711977900000
69876.02000000,69881.84000000,69852.00000000,69865.95000000,14.87837000,1711977960000
69865.96000000,69999.00000000,69865.95000000,69997.99000000,43.48913000,1711978020000
69997.99000000,70020.00000000,69972.00000000,69972.00000000,112.06598000,1711978080000
69972.00000000,70016.00000000,69962.00000000,70015.99000000,24.37175000,1711978140000
70015.99000000,70040.00000000,69975.98000000,70001.08000000,90.78490000,1711978200000
70001.08000000,70001.08000000,69941.01000000,69963.97000000,27.11368000,1711978260000
69963.96000000,70040.00000000,69963.96000000,70034.01000000,43.13936000,1711978320000
70034.01000000,70034.02000000,69833.34000000,69845.99000000,88.29611000,1711978380000
69846.00000000,69872.00000000,69780.06000000,69860.01000000,46.15449000,1711978440000
69860.00000000,69920.00000000,69860.00000000,69878.01000000,30.50844000,1711978500000
69878.00000000,69958.00000000,69850.00000000,69940.26000000,44.43003000,1711978560000
69940.26000000,70047.28000000,69930.48000000,70047.28000000,27.14153000,1711978620000
70047.28000000,70070.00000000,70027.02000000,70045.21000000,141.61926000,1711978680000
70045.21000000,70049.24000000,70010.00000000,70020.12000000,29.07365000,1711978740000
70020.13000000,70047.45000000,70013.53000000,70030.00000000,19.20287000,1711978800000
70030.00000000,70080.00000000,70022.58000000,70022.58000000,46.28557000,1711978860000
70022.59000000,70033.99000000,69929.87000000,69960.95000000,31.08106000,1711978920000
69960.95000000,69960.96000000,69899.88000000,69948.41000000,26.64913000,1711978980000
69948.41000000,69965.33000000,69930.78000000,69965.33000000,13.04336000,1711979040000
69965.32000000,70040.00000000,69965.32000000,70024.99000000,34.58636000,1711979100000
70025.00000000,70065.91000000,70011.25000000,70040.82000000,30.45609000,1711979160000
70040.81000000,70040.82000000,69850.00000000,69882.00000000,39.45441000,1711979220000
69882.00000000,69999.01000000,69881.99000000,69999.00000000,31.58394000,1711979280000
69999.00000000,70026.30000000,69962.00000000,70020.00000000,26.40055000,1711979340000
70019.99000000,70031.25000000,70000.00000000,70010.00000000,12.97171000,1711979400000
70010.00000000,70010.00000000,69934.00000000,69940.00000000,15.94163000,1711979460000
69940.00000000,69940.00000000,69905.58000000,69912.29000000,16.42775000,1711979520000
69912.29000000,69927.03000000,69869.65000000,69869.66000000,12.47773000,1711979580000
69869.65000000,69869.66000000,69776.92000000,69797.99000000,24.10164000,1711979640000
69797.99000000,69860.00000000,69797.99000000,69840.00000000,31.82656000,1711979700000
69840.01000000,69888.00000000,69827.88000000,69888.00000000,9.84614000,1711979760000
69888.00000000,69927.13000000,69880.12000000,69882.57000000,19.29299000,1711979820000
69882.56000000,69882.57000000,69861.90000000,69868.88000000,10.51422000,1711979880000
69868.88000000,69880.00000000,69854.56000000,69880.00000000,9.63108000,1711979940000
69880.00000000,69880.00000000,69801.32000000,69851.80000000,50.71314000,1711980000000
69851.80000000,69923.99000000,69840.00000000,69922.05000000,24.60104000,1711980060000
69922.06000000,69932.00000000,69906.01000000,69931.99000000,10.98264000,1711980120000
69932.00000000,69933.93000000,69850.00000000,69850.00000000,25.05358000,1711980180000
69850.01000000,69850.01000000,69710.00000000,69732.95000000,59.69422000,1711980240000
69732.95000000,69743.53000000,69717.12000000,69734.75000000,18.94453000,1711980300000
69734.74000000,69737.16000000,69719.66000000,69726.36000000,13.98892000,1711980360000
69726.37000000,69732.97000000,69700.00000000,69712.00000000,27.97637000,1711980420000
69711.99000000,69736.70000000,69674.00000000,69712.17000000,19.91782000,1711980480000
69712.17000000,69771.64000000,69712.16000000,69771.63000000,18.68725000,1711980540000
69771.64000000,69807.40000000,69756.90000000,69800.41000000,22.71861000,1711980600000
69800.42000000,69818.04000000,69770.00000000,69789.99000000,12.82255000,1711980660000
69789.99000000,69789.99000000,69680.75000000,69681.10000000,24.06757000,1711980720000
69681.10000000,69696.00000000,69628.05000000,69692.32000000,51.96620000,1711980780000
69692.32000000,69692.32000000,69651.26000000,69680.00000000,17.34617000,1711980840000
69679.99000000,69740.00000000,69679.99000000,69707.94000000,21.91856000,1711980900000
69707.94000000,69731.04000000,69700.00000000,69700.00000000,21.24010000,1711980960000
69700.00000000,69757.67000000,69700.00000000,69742.64000000,17.54782000,1711981020000
69742.64000000,69742.65000000,69705.25000000,69705.25000000,12.31948000,1711981080000
69705.26000000,69728.34000000,69688.02000000,69688.03000000,16.03266000,1711981140000
69688.02000000,69688.03000000,69552.68000000,69641.88000000,55.54794000,1711981200000
69641.89000000,69641.89000000,69590.77000000,69595.36000000,23.18670000,1711981260000
69595.37000000,69595.37000000,69467.59000000,69484.13000000,136.53334000,1711981320000
69484.12000000,69512.09000000,69412.87000000,69504.02000000,150.49887000,1711981380000
69504.01000000,69560.90000000,69450.00000000,69559.99000000,33.90699000,1711981440000
69559.99000000,69560.00000000,69502.23000000,69556.83000000,21.60408000,1711981500000
69556.84000000,69583.83000000,69476.34000000,69476.34000000,23.15829000,1711981560000
69476.34000000,69497.51000000,69459.50000000,69472.00000000,35.65158000,1711981620000
69471.99000000,69472.00000000,69405.30000000,69434.75000000,38.35200000,1711981680000
69434.75000000,69434.76000000,69380.00000000,69389.38000000,55.86880000,1711981740000
69389.38000000,69437.43000000,69318.00000000,69346.00000000,95.40394000,1711981800000
69346.00000000,69401.98000000,69341.08000000,69385.73000000,28.71761000,1711981860000
69385.72000000,69447.76000000,69382.00000000,69396.00000000,24.77558000,1711981920000
69396.00000000,69401.99000000,69270.01000000,69327.51000000,83.98299000,1711981980000
69327.52000000,69341.72000000,69300.00000000,69328.99000000,20.40949000,1711982040000
69328.99000000,69345.00000000,69186.00000000,69251.99000000,114.15215000,1711982100000
69251.99000000,69283.78000000,69125.99000000,69243.09000000,93.26913000,1711982160000
69243.08000000,69314.21000000,69209.20000000,69248.15000000,81.01747000,1711982220000
69248.15000000,69274.20000000,69100.00000000,69119.83000000,78.75973000,1711982280000
69119.84000000,69128.00000000,69059.44000000,69116.45000000,175.88202000,1711982340000
69116.45000000,69240.00000000,69116.45000000,69224.00000000,65.20222000,1711982400000
69224.01000000,69256.07000000,69077.99000000,69122.73000000,92.64745000,1711982460000
69122.72000000,69226.07000000,69122.72000000,69193.02000000,59.97797000,1711982520000
69193.02000000,69193.02000000,69073.99000000,69074.00000000,48.83542000,1711982580000
69073.99000000,69093.99000000,69014.00000000,69038.21000000,81.96604000,1711982640000
69038.22000000,69100.00000000,69020.83000000,69100.00000000,88.36848000,1711982700000
69099.99000000,69174.10000000,69060.85000000,69062.01000000,92.87996000,1711982760000
69062.00000000,69165.64000000,69057.99000000,69136.00000000,70.01668000,1711982820000
69136.01000000,69202.28000000,69120.47000000,69158.47000000,72.93773000,1711982880000
69158.46000000,69159.99000000,69045.00000000,69055.99000000,63.51935000,1711982940000
69056.00000000,69062.89000000,69041.27000000,69044.75000000,24.16590000,1711983000000
69044.74000000,69100.00000000,69044.22000000,69044.23000000,35.54298000,1711983060000
69044.23000000,69044.23000000,68751.01000000,68790.21000000,290.67804000,1711983120000
68790.20000000,68817.70000000,68626.39000000,68626.40000000,214.86215000,1711983180000
68626.39000000,68870.00000000,68611.45000000,68832.02000000,145.36207000,1711983240000
68832.01000000,68912.33000000,68753.89000000,68842.12000000,105.51443000,1711983300000
68842.13000000,68980.30000000,68832.00000000,68960.87000000,72.66345000,1711983360000
68960.88000000,69000.00000000,68926.00000000,68959.99000000,41.56082000,1711983420000
68959.99000000,68968.92000000,68882.37000000,68919.99000000,77.83294000,1711983480000
68919.99000000,68954.77000000,68882.36000000,68906.07000000,90.69768000,1711983540000
68906.07000000,68948.00000000,68852.00000000,68852.01000000,52.47124000,1711983600000
68852.01000000,68988.96000000,68730.22000000,68988.95000000,82.56513000,1711983660000
68988.95000000,69021.66000000,68804.00000000,68888.00000000,88.91892000,1711983720000
68887.99000000,68888.00000000,68794.00000000,68803.89000000,46.67684000,1711983780000
68803.89000000,68912.00000000,68745.10000000,68911.96000000,95.26966000,1711983840000
68911.96000000,68960.00000000,68818.20000000,68828.56000000,51.07532000,1711983900000
68828.56000000,68828.57000000,68680.00000000,68684.01000000,109.21906000,1711983960000
68682.00000000,68718.00000000,68550.00000000,68700.00000000,265.13323000,1711984020000
68699.39000000,68716.00000000,68540.00000000,68644.93000000,104.86428000,1711984080000
68644.92000000,68644.93000000,68510.00000000,68535.78000000,183.34515000,1711984140000
68535.78000000,68624.00000000,68502.15000000,68516.00000000,207.30676000,1711984200000
68515.99000000,68594.00000000,68500.00000000,68512.00000000,221.69000000,1711984260000
68512.00000000,68522.99000000,68300.00000000,68336.96000000,326.13502000,1711984320000
68336.15000000,68432.85000000,68161.48000000,68432.85000000,207.46063000,1711984380000
68432.85000000,68497.00000000,68362.00000000,68470.62000000,178.68831000,1711984440000
68470.62000000,68560.00000000,68385.30000000,68480.00000000,122.57945000,1711984500000
68480.00000000,68497.22000000,68301.00000000,68485.47000000,168.01211000,1711984560000
68485.46000000,68546.84000000,68459.36000000,68475.99000000,86.74052000,1711984620000
68476.00000000,68492.00000000,68367.65000000,68427.22000000,64.98532000,1711984680000
68427.23000000,68524.01000000,68367.65000000,68514.00000000,64.98415000,1711984740000
68514.00000000,68588.23000000,68468.00000000,68574.99000000,78.41660000,1711984800000
68574.99000000,68575.00000000,68458.00000000,68548.01000000,47.73922000,1711984860000
68548.01000000,68650.00000000,68532.00000000,68649.99000000,77.17855000,1711984920000
68649.98000000,68743.69000000,68582.00000000,68743.68000000,77.83072000,1711984980000
68743.69000000,68743.69000000,68687.76000000,68699.99000000,65.45410000,1711985040000
68700.00000000,68747.87000000,68699.99000000,68720.02000000,30.33948000,1711985100000
68720.02000000,68726.00000000,68664.38000000,68683.18000000,51.96701000,1711985160000
68683.18000000,68734.00000000,68650.00000000,68726.00000000,28.36417000,1711985220000
68726.00000000,68882.35000000,68726.00000000,68794.63000000,106.37439000,1711985280000
68794.63000000,68880.00000000,68773.19000000,68816.00000000,69.96374000,1711985340000
68816.00000000,68825.77000000,68730.00000000,68755.99000000,63.39373000,1711985400000
68756.00000000,68768.28000000,68700.00000000,68722.41000000,47.13898000,1711985460000
68722.40000000,68764.31000000,68706.09000000,68722.01000000,38.54821000,1711985520000
68722.00000000,68749.80000000,68644.00000000,68673.80000000,62.82051000,1711985580000
68673.80000000,68698.00000000,68588.25000000,68632.00000000,53.33258000,1711985640000
68632.01000000,68695.61000000,68630.00000000,68695.60000000,32.58507000,1711985700000
68695.60000000,68750.00000000,68691.96000000,68695.58000000,29.26406000,1711985760000
68695.59000000,68746.06000000,68670.00000000,68686.02000000,21.35371000,1711985820000
68686.02000000,68698.38000000,68632.00000000,68659.99000000,27.09075000,1711985880000
68660.00000000,68676.91000000,68594.56000000,68594.56000000,28.12480000,1711985940000
68594.56000000,68654.15000000,68548.01000000,68634.01000000,38.54572000,1711986000000
68634.00000000,68634.01000000,68562.00000000,68571.99000000,29.29983000,1711986060000
68572.00000000,68649.26000000,68565.04000000,68612.00000000,50.94408000,1711986120000
68612.01000000,68652.54000000,68596.19000000,68652.53000000,25.95373000,1711986180000
68652.53000000,68652.54000000,68609.34000000,68625.31000000,28.82048000,1711986240000
68625.31000000,68631.75000000,68544.31000000,68544.32000000,29.13415000,1711986300000
68544.31000000,68614.94000000,68544.31000000,68576.01000000,29.69680000,1711986360000
68576.01000000,68699.67000000,68564.51000000,68656.00000000,51.87729000,1711986420000
68656.00000000,68784.99000000,68630.00000000,68744.00000000,52.35847000,1711986480000
68744.01000000,68744.01000000,68682.19000000,68699.97000000,19.20000000,1711986540000
68699.96000000,68699.97000000,68640.00000000,68641.77000000,12.39742000,1711986600000
68641.76000000,68656.87000000,68576.01000000,68585.77000000,44.56832000,1711986660000
68585.78000000,68585.78000000,68540.01000000,68562.11000000,41.57428000,1711986720000
68562.11000000,68567.99000000,68413.04000000,68425.99000000,51.12338000,1711986780000
68426.00000000,68442.00000000,68361.52000000,68408.88000000,77.21837000,1711986840000
68408.88000000,68449.68000000,68390.00000000,68405.90000000,61.48534000,1711986900000
68405.90000000,68426.00000000,68320.66000000,68349.28000000,93.18395000,1711986960000
68349.28000000,68354.00000000,68253.59000000,68304.48000000,91.04061000,1711987020000
68304.49000000,68330.00000000,68246.03000000,68267.09000000,47.06877000,1711987080000
68267.08000000,68300.00000000,68185.95000000,68237.15000000,62.96823000,1711987140000
68237.15000000,68344.00000000,68062.86000000,68322.55000000,225.79643000,1711987200000
68322.54000000,68415.54000000,68236.00000000,68359.98000000,131.21473000,1711987260000
68359.98000000,68455.06000000,68330.75000000,68416.00000000,75.29415000,1711987320000
68416.00000000,68491.42000000,68388.01000000,68435.74000000,67.74589000,1711987380000
68435.74000000,68468.00000000,68373.86000000,68373.87000000,33.33843000,1711987440000
68373.86000000,68382.06000000,68309.98000000,68321.13000000,36.94920000,1711987500000
68321.13000000,68378.00000000,68252.00000000,68303.33000000,41.99651000,1711987560000
68303.33000000,68380.00000000,68286.00000000,68379.99000000,31.11370000,1711987620000
68379.99000000,68420.00000000,68358.00000000,68420.00000000,39.74164000,1711987680000
68419.99000000,68469.99000000,68419.99000000,68451.99000000,30.05815000,1711987740000
68451.99000000,68500.00000000,68451.99000000,68490.70000000,32.83688000,1711987800000
68490.70000000,68490.71000000,68420.00000000,68460.59000000,45.47184000,1711987860000
68460.60000000,68488.11000000,68432.00000000,68439.97000000,23.29270000,1711987920000
68439.96000000,68460.00000000,68367.65000000,68388.00000000,28.31975000,1711987980000
68388.00000000,68394.36000000,68350.01000000,68387.37000000,21.96384000,1711988040000
68387.38000000,68474.00000000,68379.55000000,68410.01000000,30.42785000,1711988100000
68410.01000000,68410.01000000,68270.16000000,68276.00000000,49.31112000,1711988160000
68276.00000000,68294.00000000,68226.32000000,68294.00000000,62.70933000,1711988220000
68293.99000000,68367.64000000,68267.89000000,68367.64000000,35.23690000,1711988280000
68367.64000000,68499.76000000,68367.63000000,68482.48000000,74.59205000,1711988340000
68482.48000000,68530.00000000,68476.03000000,68502.01000000,32.72952000,1711988400000
68502.00000000,68600.00000000,68502.00000000,68600.00000000,32.94853000,1711988460000
68600.00000000,68600.00000000,68537.00000000,68578.45000000,27.02956000,1711988520000
68578.46000000,68618.00000000,68550.00000000,68617.99000000,27.36539000,1711988580000
68617.99000000,68618.00000000,68552.00000000,68566.40000000,12.15839000,1711988640000
68566.40000000,68618.00000000,68550.13000000,68618.00000000,14.77666000,1711988700000
68618.00000000,68706.63000000,68593.62000000,68683.99000000,36.23124000,1711988760000
68683.99000000,68728.23000000,68650.92000000,68714.01000000,32.01799000,1711988820000
68714.00000000,68714.01000000,68686.38000000,68686.39000000,24.71965000,1711988880000
68686.39000000,68719.08000000,68640.00000000,68657.99000000,30.20237000,1711988940000
68657.99000000,68672.00000000,68600.01000000,68633.99000000,82.96338000,1711989000000
68634.00000000,68657.95000000,68623.14000000,68623.15000000,18.78962000,1711989060000
68623.15000000,68623.15000000,68593.15000000,68593.16000000,30.70342000,1711989120000
68593.15000000,68689.96000000,68593.15000000,68660.00000000,26.22945000,1711989180000
68660.00000000,68673.15000000,68588.24000000,68588.24000000,24.42873000,1711989240000
68588.24000000,68588.25000000,68503.37000000,68560.00000000,32.76940000,1711989300000
68559.99000000,68645.15000000,68556.00000000,68598.01000000,31.40101000,1711989360000
68598.00000000,68600.00000000,68540.00000000,68556.00000000,15.04237000,1711989420000
68556.00000000,68556.00000000,68506.81000000,68524.12000000,17.76685000,1711989480000
68524.11000000,68566.00000000,68524.11000000,68532.94000000,43.79918000,1711989540000
